title,genres,director,cast,overview,keywords,rating,year
Code spark,"Action, Sci-Fi",Greta Gerwig,"Awkwafina, Sandra Bullock, Kate Winslet","After surviving a devastating scandal, a former detective seeks vengeance against those who destroyed everything. The action never stops in this pulse-pounding ride through the criminal underworld.","weapons, genetic-engineering, AI, technology, survival, combat, mercenary",4.1,2002
The raven Treasure,"Adventure, Horror",Ang Lee,"Daisy Ridley, Melissa McCarthy, Leonardo DiCaprio, Samuel L. Jackson","An intrepid journalist sets out on a quest to find the legendary Heart of the Void before it falls into the wrong hands. Crossing treacherous landscapes and outsmarting rivals, the adventure of a lifetime unfolds. A thrilling ride from start to finish.","pirates, ancient-ruins, slasher, map, isolation, expedition",4.5,2012
Dark flame,"Action, Animation",Sofia Coppola,"Jennifer Lawrence, Oscar Isaac, Brie Larson","After surviving a devastating scandal, a former pilot seeks vengeance against those who destroyed everything. The action never stops in this pulse-pounding ride through the criminal underworld.","chase, weapons, combat, military, mission",8.7,1996
The Legend of serpent,"Animation, Romance",Alejandro Inarritu,"Rami Malek, Zendaya, John Boyega","A curious a retired professor stumbles into a hidden realm filled with wonder and danger. To find their way home, they must solve an ancient riddle and confront their deepest fears. A stunning animated film with a powerful message about self-discovery.","magic, enchanted, soulmate, fantasy, colorful",5.5,2004
The lost arrow,"Action, Thriller",Guillermo del Toro,"Florence Pugh, Al Pacino, Will Smith","After surviving a devastating accident, a former pilot seeks vengeance against those who destroyed everything. The action never stops in this pulse-pounding ride through the criminal underworld.","suspense, explosion, mystery, survival, conspiracy, investigation, mercenary",7.1,2006
Crimson spark,"Horror, Crime",Greta Gerwig,"Cate Blanchett, Samuel L. Jackson, Scarlett Johansson, Melissa McCarthy","A group of friends ventures into modern-day Berlin, unaware of the ancient evil that lurks beneath. As night falls and the terror begins, survival becomes the only goal. A chilling horror film that will haunt your dreams.","noir, isolation, slasher, mafia, haunted",6.9,1990
The Weight of whisper,"Drama, Adventure",Sam Mendes,"Oscar Isaac, Jenna Ortega, Christian Bale","Spanning three decades, this intimate drama follows a young woman through triumph and heartbreak. As family secrets unravel, the true cost of ambition comes to light. An unforgettable exploration of what it means to truly belong.","expedition, secrets, relationships, map, grief, wilderness",7.5,2002
Plan phoenix,Comedy,James Cameron,"Tilda Swinton, Meryl Streep, Viola Davis, Morgan Freeman","A mismatched group of neighbours must work together to pull off the impossible before the deadline. With egos clashing and plans falling apart, the real comedy is in the journey. Heartwarming, witty, and endlessly entertaining.","slapstick, wit, funny, misunderstanding, awkward",6.7,1994
The gentle Trail,"Adventure, Comedy, Crime",Park Chan-wook,"Timothee Chalamet, Charlize Theron, Melissa McCarthy","Stranded in the wilderness after a catastrophic disappearance, a struggling artist must use every skill to survive. As they push deeper into the unknown, they find something far more valuable than rescue. An awe-inspiring adventure about resilience and discovery.","road-trip, gang, ancient-ruins, jungle, wilderness",6.1,2023
No lotus,"Thriller, Crime",Christopher Nolan,"Salma Hayek, Ryan Gosling, Leonardo DiCaprio",Nothing is as it seems when a young woman uncovers a conspiracy that reaches the highest levels of power. Trust no one in this gripping psychological thriller filled with twists and betrayals. The truth may be the most dangerous weapon of all.,"investigation, paranoia, suspense, deception, stalker",5.3,2021
Operation sun,Comedy,Wong Kar-wai,"Saoirse Ronan, Robert Pattinson, Jake Gyllenhaal, Daisy Ridley","A mismatched group of colleagues must work together to pull off the impossible before the deadline. With egos clashing and plans falling apart, the real comedy is in the journey. Heartwarming, witty, and endlessly entertaining.","funny, wedding, awkward, wit",6.3,1993
Silent lotus,"Drama, Action",Denis Villeneuve,"Joaquin Phoenix, Keanu Reeves, Austin Butler","A deeply moving portrait of an ambitious lawyer struggling to find meaning after disappearance. Set against the backdrop of post-war London, the film explores themes of loss, hope, and human connection. A powerful story that stays with you long after the credits roll.","loss, chase, explosion, survival, family, military, ambition",8.6,1995
The harbor Witness,"Thriller, Comedy, Horror",Taika Waititi,"Kate Winslet, Scarlett Johansson, Christian Bale, Daniel Kaluuya",Nothing is as it seems when a small-town teacher uncovers a conspiracy that reaches the highest levels of power. Trust no one in this gripping psychological thriller filled with twists and betrayals. The truth may be the most dangerous weapon of all.,"deception, road-trip, conspiracy, curse, serial-killer, suspense",7.8,2021
Quantum dawn,Sci-Fi,Ang Lee,"Sandra Bullock, Adam Driver, Scarlett Johansson","In a future where emotions are currency, humanity faces its greatest challenge yet. A brilliant hacker discovers a truth that could change everything, but powerful forces want it buried. A thought-provoking sci-fi epic about the cost of progress.","AI, cyberpunk, virtual-reality, space, technology",4.4,1994
No sun,"Thriller, Horror",Ava DuVernay,"Gal Gadot, Cate Blanchett, Pedro Pascal","After receiving a cryptic message from a dead colleague, a war veteran is drawn into a web of deception. Every clue leads to more questions, and the clock is ticking. An edge-of-your-seat thriller with a devastating finale.","isolation, curse, serial-killer, stalker, nightmare, investigation",7.7,2009
The final Garden,"Drama, Action",Wong Kar-wai,"Tom Hanks, Keanu Reeves, Florence Pugh","In the quiet corners of modern-day Berlin, a single parent confronts a past that refuses to stay buried. Through unexpected friendships and hard-won wisdom, a new path forward emerges.","chase, loss, grief, mercenary, combat, relationships",8.6,2009
The bright Trail,"Adventure, Action",Barry Jenkins,"Matt Damon, Brad Pitt, Timothee Chalamet","An intrepid detective sets out on a quest to find the legendary Eye of Orion before it falls into the wrong hands. Crossing treacherous landscapes and outsmarting rivals, the adventure of a lifetime unfolds. A thrilling ride from start to finish.","ancient-ruins, military, combat, quest, exploration",7.8,2006
Beyond dream,"Sci-Fi, Action",Patty Jenkins,"Robert Downey Jr., Leonardo DiCaprio, Emma Stone, Chadwick Boseman","In a future where AI governs society, humanity faces its greatest challenge yet. A brilliant scientist discovers a truth that could change everything, but powerful forces want it buried. A thought-provoking sci-fi epic about the cost of progress.","undercover, explosion, mission, genetic-engineering, virtual-reality, weapons, alien",9.0,2024
Written in moon,Romance,Jordan Peele,"Brad Pitt, Robert Downey Jr., Lupita Nyong'o, Anya Taylor-Joy","Two strangers from different worlds find an unexpected connection in the Australian outback. As they navigate the complexities of love and life, they must decide what matters most. A beautiful, heartfelt romance that celebrates the power of vulnerability.","devotion, soulmate, chemistry, wedding, love",8.9,2016
How to steal a fortress,"Comedy, Thriller, Crime",Wes Anderson,"Robert Pattinson, Morgan Freeman, Pedro Pascal, Daisy Ridley","a struggling artist thought retirement would be peaceful, but a series of absurd events pulls them back into the spotlight. A sharp, clever comedy about second chances and finding joy in unexpected places.","mystery, conspiracy, road-trip, paranoia, gang, awkward",8.7,2004
Little horizon,Animation,Kathryn Bigelow,"Meryl Streep, Rami Malek, Joaquin Phoenix","When their homeland is threatened by a dark force, an unlikely hero must journey across fantastical lands. With colorful companions and songs in their heart, nothing is impossible. A joyful, dazzling animated adventure.","enchanted, quest, fantasy, musical, friendship, colorful",6.2,2024
Strike cipher,"Action, Drama",Ang Lee,"Robert Downey Jr., Denzel Washington, Chris Evans, Jenna Ortega","When a an arms dealer threatens to destabilize an entire region, a seasoned pilot is called back for one final mission. Allies become enemies and the line between right and wrong blurs in this high-octane thriller.","sacrifice, relationships, secrets, mercenary",4.2,2017
The savage Trail,Adventure,Paul Thomas Anderson,"Tom Hanks, Rami Malek, Al Pacino, Emma Stone","Stranded in the wilderness after a catastrophic explosion, a retired professor must use every skill to survive. As they push deeper into the unknown, they find something far more valuable than rescue. An awe-inspiring adventure about resilience and discovery.","expedition, map, pirates, ancient-ruins, jungle, exploration",7.0,2002
They break at Night,"Horror, Comedy",Edgar Wright,"Lupita Nyong'o, Oscar Isaac, Florence Pugh","After moving into a seemingly perfect island estate, a war veteran begins experiencing disturbing phenomena. The house has a history, and it is not done claiming victims. A slow-burn horror masterpiece dripping with dread.","slapstick, curse, supernatural, haunted, funny, occult, wedding",5.6,2011
The infinite Hour,Thriller,Kathryn Bigelow,"Natalie Portman, Meryl Streep, Robert Downey Jr.",Nothing is as it seems when a brilliant surgeon uncovers a conspiracy that reaches the highest levels of power. Trust no one in this gripping psychological thriller filled with twists and betrayals. The truth may be the most dangerous weapon of all.,"paranoia, stalker, serial-killer, investigation",7.8,2021
The cursed Club,"Comedy, Action",Kathryn Bigelow,"Daisy Ridley, John Boyega, Charlize Theron","A mismatched group of strangers must work together to pull off the impossible before the deadline. With egos clashing and plans falling apart, the real comedy is in the journey. Heartwarming, witty, and endlessly entertaining.","chase, explosion, survival, undercover, prank",9.2,2018
raven of the Deep,"Adventure, Horror",Bong Joon-ho,"Austin Butler, Timothee Chalamet, Samuel L. Jackson, Saoirse Ronan","Stranded in the wilderness after a catastrophic explosion, a brilliant surgeon must use every skill to survive. As they push deeper into the unknown, they find something far more valuable than rescue. An awe-inspiring adventure about resilience and discovery.","nightmare, jungle, isolation, occult, possession",5.5,2010
beacon Street,"Drama, Comedy, Adventure",Jordan Peele,"Tom Hanks, Pedro Pascal, Emma Stone","In the quiet corners of a Mediterranean island, a brilliant surgeon confronts a past that refuses to stay buried. Through unexpected friendships and hard-won wisdom, a new path forward emerges.","satire, expedition, grief, ancient-ruins",9.0,1991
The titan Syndicate,"Crime, Horror, Animation",Barry Jenkins,"Jason Momoa, Kate Winslet, Brie Larson, Pedro Pascal","When a struggling artist witnesses something they should not have, they are drawn into a criminal empire's deadly inner circle. The only way out is to bring it all down from the inside. A riveting crime drama with jaw-dropping twists.","friendship, fairy-tale, possession, occult, musical, underworld, heist",7.7,2015
Dream silence,"Animation, Comedy",Christopher Nolan,"Salma Hayek, Will Smith, Rami Malek, Meryl Streep","In a magical world where AI governs society, a young a small-town teacher embarks on an extraordinary adventure. Along the way, they discover the true meaning of courage and friendship. A visually breathtaking animated masterpiece for all ages.","satire, awkward, prank, fantasy, absurd, enchanted, funny",5.8,2014
Night of the crown,Horror,Robert Eggers,"Sandra Bullock, Keanu Reeves, Scarlett Johansson","After moving into a seemingly perfect Victorian mansion, a struggling artist begins experiencing disturbing phenomena. The house has a history, and it is not done claiming victims. A slow-burn horror masterpiece dripping with dread.","slasher, supernatural, occult, demon",4.1,1999
Whispering flame,Animation,Wong Kar-wai,"Rachel McAdams, John Boyega, Timothee Chalamet","When their homeland is threatened by a dark force, an unlikely hero must journey across fantastical lands. With colorful companions and songs in their heart, nothing is impossible. A joyful, dazzling animated adventure.","fantasy, quest, musical, colorful, talking-animals",7.2,2009
Hollow mirror,"Horror, Crime",Quentin Tarantino,"Denzel Washington, John Boyega, Chadwick Boseman","After moving into a seemingly perfect Victorian mansion, a retired professor begins experiencing disturbing phenomena. The house has a history, and it is not done claiming victims. A slow-burn horror masterpiece dripping with dread.","mafia, noir, occult, isolation, nightmare, investigation",8.7,2021
Dear compass,Romance,Jordan Peele,"Margot Robbie, Dev Patel, Charlize Theron, Emily Blunt","When a brilliant surgeon returns to their hometown, old feelings resurface and new possibilities emerge. Against the odds and despite past wounds, love finds a way. A tender, emotionally rich love story.","wedding, love, chemistry, heartbreak, soulmate, long-distance, passion",8.8,2005
Dirty river,"Crime, Horror",Rian Johnson,"Margot Robbie, Tilda Swinton, Florence Pugh, Michael B. Jordan","A meticulous heist goes wrong, and the crew must navigate betrayal and suspicion to survive. With the police closing in and trust crumbling, every second counts. A slick, tense crime thriller that never lets up.","underworld, informant, mafia, investigation, heist, ghost",5.3,2016
The cruel Hour,"Thriller, Animation",George Miller,"Cate Blanchett, Oscar Isaac, Ryan Gosling","A seemingly perfect post-war London hides dark secrets that a struggling artist is determined to expose. As the investigation deepens, the hunter becomes the hunted. A masterfully crafted thriller that keeps you guessing until the very end.","quest, hero, magic, suspense, fantasy, conspiracy",7.0,2012
Nebula spark,"Sci-Fi, Crime",David Fincher,"Adam Driver, Viola Davis, Sandra Bullock","Decades after the great collapse, an ambitious lawyer embarks on a perilous journey across a transformed Earth. Along the way, they discover that the key to the future lies in the forgotten past. A sweeping sci-fi adventure with heart.","smuggling, space, gang, mafia, heist",9.4,2002
A infinite Heart,Romance,James Cameron,"Zendaya, Robert Downey Jr., Scarlett Johansson","A chance encounter on a rainy evening in post-war London sparks a connection that neither expected. Through letters, phone calls, and stolen moments, two souls discover that distance is no match for destiny.","forbidden-love, soulmate, long-distance, love, passion",6.6,2018
flame Rising,"Action, Sci-Fi",Quentin Tarantino,"Tilda Swinton, Tom Hanks, Will Smith, Tom Hardy","After surviving a devastating accident, a former soldier seeks vengeance against those who destroyed everything. The action never stops in this pulse-pounding ride through the criminal underworld.","cyberpunk, mercenary, AI, survival, virtual-reality",7.1,2016
Double beacon,"Crime, Thriller",George Miller,"Lupita Nyong'o, Melissa McCarthy, Salma Hayek, Jenna Ortega","A meticulous heist goes wrong, and the crew must navigate betrayal and suspicion to survive. With the police closing in and trust crumbling, every second counts. A slick, tense crime thriller that never lets up.","mystery, smuggling, informant, stalker",7.6,2000
Quest for wolf,Adventure,James Cameron,"Austin Butler, John Boyega, Chris Evans, Jake Gyllenhaal","When a map to an uncharted Victorian mansion surfaces, a ragtag crew of explorers assembles for the journey. But they are not the only ones seeking what lies at the end. An epic adventure filled with wonder and peril.","map, discovery, exploration, quest, treasure",5.3,2006
flame Alley,"Crime, Thriller",Celine Sciamma,"Emily Blunt, Natalie Portman, Al Pacino","A meticulous heist goes wrong, and the crew must navigate betrayal and suspicion to survive. With the police closing in and trust crumbling, every second counts. A slick, tense crime thriller that never lets up.","investigation, paranoia, detective, gang, conspiracy",8.1,2008
The arrow Voyage,"Animation, Sci-Fi",Guillermo del Toro,"Austin Butler, Cate Blanchett, Chris Evans, Robert Downey Jr.","When their homeland is threatened by a dark force, an unlikely hero must journey across fantastical lands. With colorful companions and songs in their heart, nothing is impossible. A joyful, dazzling animated adventure.","cyberpunk, fairy-tale, musical, AI, technology, alien",8.6,1991
Singularity phoenix,"Sci-Fi, Action, Comedy",George Miller,"Margot Robbie, Salma Hayek, Jenna Ortega, Tom Hardy","When a mysterious quantum anomaly appears, a team of scientists races to understand its origins. What they find challenges everything we know about memories can be traded. Visually stunning and intellectually thrilling.","funny, satire, cyberpunk, explosion, wedding, virtual-reality",5.8,2021
Black shadow,Horror,Yorgos Lanthimos,"Adam Driver, Timothee Chalamet, Viola Davis","After moving into a seemingly perfect island estate, a young woman begins experiencing disturbing phenomena. The house has a history, and it is not done claiming victims. A slow-burn horror masterpiece dripping with dread.","slasher, supernatural, possession, isolation, occult, nightmare, ghost",5.1,1998
The distant Kingdom,"Animation, Crime, Drama",Pedro Almodovar,"Hailee Steinfeld, Christian Bale, Lupita Nyong'o","A curious a young woman stumbles into a hidden realm filled with wonder and danger. To find their way home, they must solve an ancient riddle and confront their deepest fears. A stunning animated film with a powerful message about self-discovery.","detective, redemption, hero, smuggling, underworld, mafia, coming-of-age",8.6,2021
The harbor Paradox,"Sci-Fi, Adventure, Crime",Robert Eggers,"Rachel McAdams, Jennifer Lawrence, Natalie Portman","When a mysterious rift in spacetime appears, a team of scientists races to understand its origins. What they find challenges everything we know about AI governs society. Visually stunning and intellectually thrilling.","technology, expedition, exploration, cyberpunk",6.3,2022
Strike horizon,Action,Ang Lee,"Melissa McCarthy, Natalie Portman, Austin Butler, Keanu Reeves","When a a criminal empire threatens to destabilize an entire region, a seasoned pilot is called back for one final mission. Allies become enemies and the line between right and wrong blurs in this high-octane thriller.","undercover, weapons, chase, combat, explosion, rescue, mission",5.3,2016
The beacon Voyage,Animation,Sofia Coppola,"Tilda Swinton, Robert Downey Jr., Brad Pitt","A curious a war veteran stumbles into a hidden realm filled with wonder and danger. To find their way home, they must solve an ancient riddle and confront their deepest fears. A stunning animated film with a powerful message about self-discovery.","colorful, quest, fantasy, talking-animals",8.0,2016
lotus Night,"Comedy, Drama, Animation",Hayao Miyazaki,"Emily Blunt, Cate Blanchett, Jason Momoa, Emma Stone","a small-town teacher thought retirement would be peaceful, but a series of absurd events pulls them back into the spotlight. A sharp, clever comedy about second chances and finding joy in unexpected places.","fantasy, talking-animals, magic, colorful, sacrifice, awkward",7.4,2005
Void crown,"Sci-Fi, Thriller",Patty Jenkins,"Samuel L. Jackson, Tom Hardy, Hailee Steinfeld","In a future where AI governs society, humanity faces its greatest challenge yet. A brilliant hacker discovers a truth that could change everything, but powerful forces want it buried. A thought-provoking sci-fi epic about the cost of progress.","genetic-engineering, double-cross, technology, conspiracy, serial-killer, AI",6.1,1999
They lose at Night,Horror,Bong Joon-ho,"Cate Blanchett, Gal Gadot, Melissa McCarthy","After moving into a seemingly perfect island estate, a struggling artist begins experiencing disturbing phenomena. The house has a history, and it is not done claiming victims. A slow-burn horror masterpiece dripping with dread.","supernatural, nightmare, isolation, ghost, curse",7.7,2019
The Lost titan,"Adventure, Comedy, Drama",Ang Lee,"Tom Hardy, Jenna Ortega, John Boyega, Timothee Chalamet","When a map to an uncharted abandoned hospital surfaces, a ragtag crew of explorers assembles for the journey. But they are not the only ones seeking what lies at the end. An epic adventure filled with wonder and peril.","ancient-ruins, exploration, absurd, family, redemption",6.1,2012
The fading Frontier,"Sci-Fi, Action",Guillermo del Toro,"Will Smith, Melissa McCarthy, Awkwafina","Decades after the great collapse, a young woman embarks on a perilous journey across a transformed Earth. Along the way, they discover that the key to the future lies in the forgotten past. A sweeping sci-fi adventure with heart.","mercenary, survival, alien, cyberpunk, technology, mission, time-travel",7.7,1998
The raven Files,"Action, Sci-Fi",Steven Spielberg,"Dev Patel, Brad Pitt, Cate Blanchett, Al Pacino","When a a powerful cartel threatens to destabilize an entire region, a seasoned pilot is called back for one final mission. Allies become enemies and the line between right and wrong blurs in this high-octane thriller.","chase, technology, time-travel, alien, combat, explosion, AI",5.4,2020
Singularity blade,"Sci-Fi, Romance, Drama",Jordan Peele,"Melissa McCarthy, Awkwafina, Dev Patel","Decades after the great collapse, a small-town teacher embarks on a perilous journey across a transformed Earth. Along the way, they discover that the key to the future lies in the forgotten past. A sweeping sci-fi adventure with heart.","chemistry, passion, redemption, genetic-engineering, virtual-reality, grief",4.7,2013
The reckless Frontier,"Sci-Fi, Horror",Denis Villeneuve,"Jake Gyllenhaal, Meryl Streep, Gal Gadot","Decades after the great collapse, a war veteran embarks on a perilous journey across a transformed Earth. Along the way, they discover that the key to the future lies in the forgotten past. A sweeping sci-fi adventure with heart.","AI, haunted, nightmare, robot, virtual-reality",4.8,1992
dust Tales,"Animation, Drama",Celine Sciamma,"Daniel Kaluuya, Rachel McAdams, Anya Taylor-Joy","A curious a small-town teacher stumbles into a hidden realm filled with wonder and danger. To find their way home, they must solve an ancient riddle and confront their deepest fears. A stunning animated film with a powerful message about self-discovery.","fantasy, friendship, quest, relationships, ambition",4.2,2013
Adventures of serpent,Animation,Denis Villeneuve,"Keanu Reeves, Kate Winslet, Emily Blunt, Michael B. Jordan","In a magical world where time flows backward, a young a small-town teacher embarks on an extraordinary adventure. Along the way, they discover the true meaning of courage and friendship. A visually breathtaking animated masterpiece for all ages.","quest, colorful, fantasy, friendship, fairy-tale",7.5,1991
Forever frozen,Romance,Wong Kar-wai,"Tom Hanks, Brie Larson, Samuel L. Jackson","A chance encounter on a rainy evening in rural Ireland sparks a connection that neither expected. Through letters, phone calls, and stolen moments, two souls discover that distance is no match for destiny.","devotion, chemistry, passion, wedding, love",4.0,1999
Quest for star,"Adventure, Sci-Fi, Comedy",Christopher Nolan,"Leonardo DiCaprio, Michael B. Jordan, Robert Pattinson","An intrepid pilot sets out on a quest to find the legendary Sunstone before it falls into the wrong hands. Crossing treacherous landscapes and outsmarting rivals, the adventure of a lifetime unfolds. A thrilling ride from start to finish.","map, awkward, AI, road-trip, prank",6.9,1994
Written in veil,"Romance, Adventure",George Miller,"Gal Gadot, Robert Downey Jr., Dev Patel","A chance encounter on a rainy evening in post-war London sparks a connection that neither expected. Through letters, phone calls, and stolen moments, two souls discover that distance is no match for destiny.","devotion, chemistry, jungle, heartbreak, quest, ancient-ruins, expedition",6.7,2018
Echoes of bridge,Drama,Jordan Peele,"Brad Pitt, Zendaya, Gal Gadot","In the quiet corners of a Mediterranean island, a war veteran confronts a past that refuses to stay buried. Through unexpected friendships and hard-won wisdom, a new path forward emerges.","sacrifice, relationships, redemption, loss, identity, secrets",8.7,2003
The Ninth compass,"Thriller, Horror",Edgar Wright,"Dev Patel, Denzel Washington, Adam Driver, Jenna Ortega","A seemingly perfect the Australian outback hides dark secrets that a single parent is determined to expose. As the investigation deepens, the hunter becomes the hunted. A masterfully crafted thriller that keeps you guessing until the very end.","haunted, investigation, conspiracy, demon, supernatural",6.4,2013
The sacred Trail,"Adventure, Action, Romance",Ryan Coogler,"Melissa McCarthy, Rami Malek, Samuel L. Jackson, Jenna Ortega","Stranded in the wilderness after a catastrophic betrayal, a single parent must use every skill to survive. As they push deeper into the unknown, they find something far more valuable than rescue. An awe-inspiring adventure about resilience and discovery.","survival, wedding, heartbreak, military, soulmate, forbidden-love",7.6,2004
The eagle of Us,"Romance, Adventure, Crime",Wong Kar-wai,"Daisy Ridley, Jenna Ortega, Jason Momoa","A chance encounter on a rainy evening in a small coastal town sparks a connection that neither expected. Through letters, phone calls, and stolen moments, two souls discover that distance is no match for destiny.","devotion, discovery, detective, jungle, treasure, smuggling",9.1,2012
The Art of star,Comedy,Edgar Wright,"Natalie Portman, Sandra Bullock, Tom Hardy","When a struggling artist accidentally betrayal, chaos and hilarity ensue in this laugh-out-loud comedy. Nothing goes according to plan, and every attempt to fix things only makes it worse. A feel-good film that will leave you smiling.","wedding, satire, awkward, funny, road-trip, absurd, prank",8.3,1995
Totally fallen,"Comedy, Crime, Action",Guillermo del Toro,"Rami Malek, Jenna Ortega, Tilda Swinton, Chris Evans","A mismatched group of old friends must work together to pull off the impossible before the deadline. With egos clashing and plans falling apart, the real comedy is in the journey. Heartwarming, witty, and endlessly entertaining.","chase, wit, underworld, investigation, mission, funny",4.6,2021
Quantum arrow,"Sci-Fi, Action",Pedro Almodovar,"Leonardo DiCaprio, Florence Pugh, Lupita Nyong'o","In a future where time flows backward, humanity faces its greatest challenge yet. A brilliant agent discovers a truth that could change everything, but powerful forces want it buried. A thought-provoking sci-fi epic about the cost of progress.","military, virtual-reality, genetic-engineering, rescue, explosion, AI",4.7,2024
The fearless Trail,"Adventure, Crime",Quentin Tarantino,"Melissa McCarthy, Sandra Bullock, Robert Downey Jr., Jenna Ortega","An intrepid hacker sets out on a quest to find the legendary Sunstone before it falls into the wrong hands. Crossing treacherous landscapes and outsmarting rivals, the adventure of a lifetime unfolds. A thrilling ride from start to finish.","corruption, jungle, wilderness, informant, underworld, discovery",6.2,2010
The Last fate,Crime,Paul Thomas Anderson,"Jenna Ortega, Jason Momoa, Denzel Washington","In the gritty underbelly of a Mediterranean island, a detective pursues a mastermind who is always one step ahead. Loyalties are tested and the price of justice is high. A gripping crime saga with unforgettable characters.","corruption, heist, mafia, investigation, detective, gang, informant",5.8,2000
After the echo,Drama,Chloe Zhao,"Michael B. Jordan, Dev Patel, Benedict Cumberbatch, Emily Blunt","A deeply moving portrait of a retired professor struggling to find meaning after accident. Set against the backdrop of modern-day Berlin, the film explores themes of loss, hope, and human connection. A powerful story that stays with you long after the credits roll.","coming-of-age, family, relationships, redemption, identity, loss",5.0,2021
The cold Ring,"Crime, Animation",Hayao Miyazaki,"Melissa McCarthy, Tom Hardy, Adam Driver, Natalie Portman","A meticulous heist goes wrong, and the crew must navigate betrayal and suspicion to survive. With the police closing in and trust crumbling, every second counts. A slick, tense crime thriller that never lets up.","magic, quest, underworld, heist",7.3,2012
Singularity shadow,"Sci-Fi, Animation",Martin Scorsese,"Brie Larson, Oscar Isaac, Tom Hanks, Emily Blunt","In a future where parallel worlds overlap, humanity faces its greatest challenge yet. A brilliant journalist discovers a truth that could change everything, but powerful forces want it buried. A thought-provoking sci-fi epic about the cost of progress.","quest, hero, friendship, alien",7.3,2022
veil Rising,Action,Sam Mendes,"Idris Elba, Emily Blunt, Margot Robbie","A operative must navigate a dangerous world of a powerful cartel to save the world. With time running out and enemies closing in, every decision could be the last. An explosive tale of survival and redemption.","combat, mission, military, undercover, survival, weapons, chase",6.2,2011
Operation lotus,"Action, Romance",Denis Villeneuve,"Oscar Isaac, Timothee Chalamet, Dev Patel, Jason Momoa","After surviving a devastating explosion, a former agent seeks vengeance against those who destroyed everything. The action never stops in this pulse-pounding ride through the criminal underworld.","undercover, forbidden-love, mercenary, combat",9.3,2015
The Weight of moon,Drama,Sofia Coppola,"Benedict Cumberbatch, Brad Pitt, Rami Malek, John Boyega","In the quiet corners of a Mediterranean island, a retired professor confronts a past that refuses to stay buried. Through unexpected friendships and hard-won wisdom, a new path forward emerges.","loss, identity, grief, ambition, redemption, family",9.2,2021
How to break a blade,Comedy,Denis Villeneuve,"Rami Malek, Emma Stone, Matt Damon","an ambitious lawyer thought retirement would be peaceful, but a series of absurd events pulls them back into the spotlight. A sharp, clever comedy about second chances and finding joy in unexpected places.","road-trip, misunderstanding, absurd, wedding, awkward, prank, funny",8.0,1992
Before ember,"Thriller, Animation",George Miller,"Keanu Reeves, Saoirse Ronan, Lupita Nyong'o","A seemingly perfect the Australian outback hides dark secrets that a struggling artist is determined to expose. As the investigation deepens, the hunter becomes the hunted. A masterfully crafted thriller that keeps you guessing until the very end.","talking-animals, stalker, colorful, magic, fantasy, paranoia, quest",5.1,1998
Dark veil,"Action, Animation, Romance",Emerald Fennell,"Oscar Isaac, Cate Blanchett, Samuel L. Jackson","A scientist must navigate a dangerous world of an arms dealer to save their city. With time running out and enemies closing in, every decision could be the last. An explosive tale of survival and redemption.","rescue, combat, weapons, mission, long-distance",8.5,2012
Black serpent,"Horror, Action, Crime",Ava DuVernay,"Cate Blanchett, Anya Taylor-Joy, Ryan Gosling, Meryl Streep","After moving into a seemingly perfect abandoned hospital, a retired professor begins experiencing disturbing phenomena. The house has a history, and it is not done claiming victims. A slow-burn horror masterpiece dripping with dread.","detective, investigation, gang, mission, mafia",6.6,1998
Dream storm,"Animation, Crime",Ridley Scott,"Timothee Chalamet, Florence Pugh, Brie Larson","In a magical world where memories can be traded, a young a small-town teacher embarks on an extraordinary adventure. Along the way, they discover the true meaning of courage and friendship. A visually breathtaking animated masterpiece for all ages.","gang, underworld, smuggling, investigation, informant, fairy-tale",7.5,2019
Sky sun,Animation,Ava DuVernay,"Oscar Isaac, Jenna Ortega, Leonardo DiCaprio","A curious a war veteran stumbles into a hidden realm filled with wonder and danger. To find their way home, they must solve an ancient riddle and confront their deepest fears. A stunning animated film with a powerful message about self-discovery.","fantasy, hero, musical, friendship, fairy-tale",4.5,2013
echo of the Deep,Adventure,Lulu Wang,"Daniel Kaluuya, Melissa McCarthy, Jake Gyllenhaal","An intrepid journalist sets out on a quest to find the legendary Heart of the Void before it falls into the wrong hands. Crossing treacherous landscapes and outsmarting rivals, the adventure of a lifetime unfolds. A thrilling ride from start to finish.","quest, treasure, wilderness, ancient-ruins, exploration, discovery",8.2,2011
Paper lotus,Romance,Wes Anderson,"John Boyega, Jake Gyllenhaal, Tom Hardy, Margot Robbie","Two strangers from different worlds find an unexpected connection in 1960s New York. As they navigate the complexities of love and life, they must decide what matters most. A beautiful, heartfelt romance that celebrates the power of vulnerability.","long-distance, love, devotion, heartbreak, soulmate, wedding, passion",9.1,2022
Uncharted shadow,"Adventure, Animation",Chloe Zhao,"Michael B. Jordan, Melissa McCarthy, Chadwick Boseman, Scarlett Johansson","Stranded in the wilderness after a catastrophic explosion, a single parent must use every skill to survive. As they push deeper into the unknown, they find something far more valuable than rescue. An awe-inspiring adventure about resilience and discovery.","quest, magic, wilderness, jungle",8.9,2014
Operation legend,"Comedy, Animation",Paul Thomas Anderson,"Daisy Ridley, Cate Blanchett, Dev Patel, Jenna Ortega","When an ambitious lawyer accidentally disappearance, chaos and hilarity ensue in this laugh-out-loud comedy. Nothing goes according to plan, and every attempt to fix things only makes it worse. A feel-good film that will leave you smiling.","absurd, enchanted, wedding, hero, colorful, friendship",6.5,2017
Little raven,Animation,Steven Spielberg,"Gal Gadot, Jenna Ortega, Zendaya, Tom Hardy","In a magical world where gravity can be controlled, a young a retired professor embarks on an extraordinary adventure. Along the way, they discover the true meaning of courage and friendship. A visually breathtaking animated masterpiece for all ages.","friendship, fairy-tale, musical, talking-animals, quest, enchanted, magic",4.2,1994
Two beacon,Romance,Wong Kar-wai,"Chris Evans, Natalie Portman, Awkwafina","When a war veteran returns to their hometown, old feelings resurface and new possibilities emerge. Against the odds and despite past wounds, love finds a way. A tender, emotionally rich love story.","forbidden-love, soulmate, passion, love, heartbreak, devotion",5.7,2007
The cipher of Kyoto,Drama,Emerald Fennell,"Al Pacino, Jennifer Lawrence, Viola Davis, Timothee Chalamet","Spanning three decades, this intimate drama follows a brilliant surgeon through triumph and heartbreak. As family secrets unravel, the true cost of ambition comes to light. An unforgettable exploration of what it means to truly belong.","secrets, grief, sacrifice, ambition, loss",4.7,1994
Whispering oracle,"Animation, Drama",Alejandro Inarritu,"Jennifer Lawrence, Keanu Reeves, Oscar Isaac","When their homeland is threatened by a dark force, an unlikely hero must journey across fantastical lands. With colorful companions and songs in their heart, nothing is impossible. A joyful, dazzling animated adventure.","fairy-tale, sacrifice, magic, loss, friendship",9.4,1998
The reckless Kingdom,Animation,Park Chan-wook,"Rachel McAdams, Daisy Ridley, Jennifer Lawrence, Brad Pitt","A curious a retired professor stumbles into a hidden realm filled with wonder and danger. To find their way home, they must solve an ancient riddle and confront their deepest fears. A stunning animated film with a powerful message about self-discovery.","enchanted, hero, colorful, fantasy",6.3,2016
Still blade,"Drama, Comedy, Romance",George Miller,"Awkwafina, Charlize Theron, Michael B. Jordan, Brad Pitt","In the quiet corners of modern-day Berlin, an ambitious lawyer confronts a past that refuses to stay buried. Through unexpected friendships and hard-won wisdom, a new path forward emerges.","prank, identity, awkward, wedding, relationships, forbidden-love, redemption",4.9,2010
No valley,"Thriller, Romance, Sci-Fi",Chloe Zhao,"Brad Pitt, Tom Hardy, Lupita Nyong'o, Gal Gadot","After receiving a cryptic message from a dead colleague, a retired professor is drawn into a web of deception. Every clue leads to more questions, and the clock is ticking. An edge-of-your-seat thriller with a devastating finale.","reunion, wedding, paranoia, heartbreak, suspense",8.0,2011
City of shadow,"Crime, Action, Adventure",Wong Kar-wai,"Emily Blunt, Florence Pugh, Chadwick Boseman, Will Smith","A meticulous heist goes wrong, and the crew must navigate betrayal and suspicion to survive. With the police closing in and trust crumbling, every second counts. A slick, tense crime thriller that never lets up.","underworld, corruption, jungle, quest",5.6,2009
Beneath the blade,"Horror, Sci-Fi",Martin Scorsese,"Austin Butler, Pedro Pascal, Jake Gyllenhaal","After moving into a seemingly perfect abandoned hospital, a struggling artist begins experiencing disturbing phenomena. The house has a history, and it is not done claiming victims. A slow-burn horror masterpiece dripping with dread.","occult, cyberpunk, alien, slasher, isolation",8.2,2022
Moonlit flame,"Romance, Thriller",Guillermo del Toro,"Saoirse Ronan, Natalie Portman, Denzel Washington, Scarlett Johansson","When a small-town teacher returns to their hometown, old feelings resurface and new possibilities emerge. Against the odds and despite past wounds, love finds a way. A tender, emotionally rich love story.","soulmate, forbidden-love, espionage, passion, investigation, stalker, chemistry",6.7,2022
crown Horizon,"Sci-Fi, Animation",Edgar Wright,"Saoirse Ronan, Florence Pugh, Salma Hayek, Michael B. Jordan","In a future where time flows backward, humanity faces its greatest challenge yet. A brilliant soldier discovers a truth that could change everything, but powerful forces want it buried. A thought-provoking sci-fi epic about the cost of progress.","cyberpunk, magic, colorful, genetic-engineering, virtual-reality, friendship, AI",8.9,2013
The Last dawn,"Romance, Action",Wong Kar-wai,"Anya Taylor-Joy, Jennifer Lawrence, Oscar Isaac","Two strangers from different worlds find an unexpected connection in a Mediterranean island. As they navigate the complexities of love and life, they must decide what matters most. A beautiful, heartfelt romance that celebrates the power of vulnerability.","rescue, survival, wedding, forbidden-love, mission, long-distance, soulmate",8.4,2011
Forever mysterious,"Romance, Comedy",Lulu Wang,"Idris Elba, Robert Downey Jr., Brad Pitt, Hailee Steinfeld","When a brilliant surgeon returns to their hometown, old feelings resurface and new possibilities emerge. Against the odds and despite past wounds, love finds a way. A tender, emotionally rich love story.","forbidden-love, passion, wit, prank, heartbreak, funny, soulmate",4.9,2009
legend of the Deep,"Adventure, Crime",Wong Kar-wai,"Jake Gyllenhaal, Benedict Cumberbatch, Meryl Streep, Anya Taylor-Joy","When a map to an uncharted Victorian mansion surfaces, a ragtag crew of explorers assembles for the journey. But they are not the only ones seeking what lies at the end. An epic adventure filled with wonder and peril.","corruption, underworld, investigation, expedition, ancient-ruins, noir, wilderness",9.3,2004
The weary Heist,"Crime, Animation",Hayao Miyazaki,"Natalie Portman, Benedict Cumberbatch, Awkwafina, Saoirse Ronan","In the gritty underbelly of 1960s New York, a detective pursues a mastermind who is always one step ahead. Loyalties are tested and the price of justice is high. A gripping crime saga with unforgettable characters.","musical, quest, colorful, talking-animals, enchanted",6.3,2003
Vice dawn,"Crime, Animation",Greta Gerwig,"Jennifer Lawrence, Adam Driver, Rami Malek","A meticulous heist goes wrong, and the crew must navigate betrayal and suspicion to survive. With the police closing in and trust crumbling, every second counts. A slick, tense crime thriller that never lets up.","colorful, friendship, quest, informant, fantasy, hero, noir",8.8,2006
bright Waters,"Thriller, Crime",Barry Jenkins,"Lupita Nyong'o, Chadwick Boseman, Oscar Isaac","After receiving a cryptic message from a dead colleague, a struggling artist is drawn into a web of deception. Every clue leads to more questions, and the clock is ticking. An edge-of-your-seat thriller with a devastating finale.","suspense, conspiracy, heist, stalker, espionage, paranoia, gang",7.7,2014
Night of the shadow,"Horror, Romance, Comedy",Damien Chazelle,"Michael B. Jordan, Morgan Freeman, Austin Butler","Something is watching from the darkness in downtown Chicago. When people start disappearing, a single parent must face an unimaginable terror to save those they love. Atmospheric and relentless, this horror film redefines fear.","ghost, demon, occult, isolation, slapstick",5.5,1996
Under the dawn,"Crime, Thriller",Emerald Fennell,"Tom Hardy, Ryan Gosling, Scarlett Johansson","In the gritty underbelly of a Mediterranean island, a detective pursues a mastermind who is always one step ahead. Loyalties are tested and the price of justice is high. A gripping crime saga with unforgettable characters.","conspiracy, mystery, espionage, double-cross, stalker, investigation",6.2,2020
The Ninth ember,"Thriller, Sci-Fi",Martin Scorsese,"Emily Blunt, Will Smith, Ryan Gosling","After receiving a cryptic message from a dead colleague, a young woman is drawn into a web of deception. Every clue leads to more questions, and the clock is ticking. An edge-of-your-seat thriller with a devastating finale.","alien, AI, double-cross, suspense, dystopia",5.0,2008
ancient Force,"Action, Sci-Fi, Drama",Yorgos Lanthimos,"Matt Damon, Brad Pitt, Jason Momoa, Idris Elba","When a corruption threatens to destabilize an entire region, a seasoned scientist is called back for one final mission. Allies become enemies and the line between right and wrong blurs in this high-octane thriller.","combat, family, rescue, ambition",7.6,2001
Under the sun,Romance,Chloe Zhao,"Gal Gadot, Jason Momoa, Tom Hardy","When a small-town teacher returns to their hometown, old feelings resurface and new possibilities emerge. Against the odds and despite past wounds, love finds a way. A tender, emotionally rich love story.","soulmate, wedding, heartbreak, forbidden-love, reunion, devotion",5.8,2005
The raven House,Horror,Guillermo del Toro,"Lupita Nyong'o, Salma Hayek, Dev Patel, Will Smith","A group of friends ventures into post-war London, unaware of the ancient evil that lurks beneath. As night falls and the terror begins, survival becomes the only goal. A chilling horror film that will haunt your dreams.","supernatural, slasher, haunted, ghost, curse, nightmare",6.2,2022
Project mask,"Sci-Fi, Drama, Crime",Kathryn Bigelow,"Brad Pitt, Jake Gyllenhaal, Natalie Portman","When a mysterious alien artifact appears, a team of scientists races to understand its origins. What they find challenges everything we know about gravity can be controlled. Visually stunning and intellectually thrilling.","noir, underworld, heist, dystopia, relationships, alien, family",8.2,1995
Quest for sun,"Adventure, Romance",David Fincher,"Brie Larson, Jennifer Lawrence, Kate Winslet","Stranded in the wilderness after a catastrophic accident, an ambitious lawyer must use every skill to survive. As they push deeper into the unknown, they find something far more valuable than rescue. An awe-inspiring adventure about resilience and discovery.","ancient-ruins, passion, wilderness, forbidden-love, long-distance",7.9,2021
The Lost dawn,Adventure,Yorgos Lanthimos,"Idris Elba, Pedro Pascal, Rachel McAdams","Stranded in the wilderness after a catastrophic betrayal, a brilliant surgeon must use every skill to survive. As they push deeper into the unknown, they find something far more valuable than rescue. An awe-inspiring adventure about resilience and discovery.","quest, pirates, map, expedition, discovery, wilderness",7.2,1992
The blade of Kyoto,"Drama, Adventure",Steven Spielberg,"Pedro Pascal, Margot Robbie, Chadwick Boseman, Brad Pitt","In the quiet corners of the Australian outback, a small-town teacher confronts a past that refuses to stay buried. Through unexpected friendships and hard-won wisdom, a new path forward emerges.","jungle, quest, identity, pirates, redemption, sacrifice, wilderness",5.9,2001
Hollow spark,"Horror, Adventure, Comedy",James Cameron,"Lupita Nyong'o, Rachel McAdams, Awkwafina","Something is watching from the darkness in a Mediterranean island. When people start disappearing, a small-town teacher must face an unimaginable terror to save those they love. Atmospheric and relentless, this horror film redefines fear.","satire, occult, possession, isolation, funny",5.0,1997
They steal at Night,Horror,Ava DuVernay,"Tom Hanks, Denzel Washington, Chris Evans","A group of friends ventures into downtown Chicago, unaware of the ancient evil that lurks beneath. As night falls and the terror begins, survival becomes the only goal. A chilling horror film that will haunt your dreams.","supernatural, slasher, demon, ghost",5.3,2003
Dark ember,"Action, Comedy",Kathryn Bigelow,"Will Smith, Chris Evans, Chadwick Boseman, Awkwafina","When a a criminal empire threatens to destabilize an entire region, a seasoned operative is called back for one final mission. Allies become enemies and the line between right and wrong blurs in this high-octane thriller.","wit, mercenary, slapstick, military, funny",4.3,2001
Beneath the dawn,"Horror, Adventure",Alejandro Inarritu,"Robert Pattinson, Charlize Theron, Adam Driver, John Boyega","After moving into a seemingly perfect remote cabin, a small-town teacher begins experiencing disturbing phenomena. The house has a history, and it is not done claiming victims. A slow-burn horror masterpiece dripping with dread.","wilderness, curse, treasure, quest, possession, supernatural",5.2,1999
The Last moon,"Action, Adventure, Horror",Emerald Fennell,"Daniel Kaluuya, Saoirse Ronan, Timothee Chalamet","A pilot must navigate a dangerous world of a powerful cartel to save innocent lives. With time running out and enemies closing in, every decision could be the last. An explosive tale of survival and redemption.","exploration, military, ghost, quest, rescue, survival, discovery",5.5,1992
The throne Witness,"Thriller, Adventure, Crime",Sam Mendes,"Al Pacino, Leonardo DiCaprio, Florence Pugh, Morgan Freeman",Nothing is as it seems when a retired professor uncovers a conspiracy that reaches the highest levels of power. Trust no one in this gripping psychological thriller filled with twists and betrayals. The truth may be the most dangerous weapon of all.,"detective, expedition, wilderness, informant, serial-killer, gang, deception",7.0,2008
Uncharted valley,"Adventure, Romance",Paul Thomas Anderson,"Rachel McAdams, Denzel Washington, Daisy Ridley, Dev Patel","When a map to an uncharted abandoned hospital surfaces, a ragtag crew of explorers assembles for the journey. But they are not the only ones seeking what lies at the end. An epic adventure filled with wonder and peril.","love, ancient-ruins, quest, chemistry, map",8.1,1991
Crooked fortress,Crime,Damien Chazelle,"Joaquin Phoenix, Emma Stone, Ryan Gosling","A meticulous heist goes wrong, and the crew must navigate betrayal and suspicion to survive. With the police closing in and trust crumbling, every second counts. A slick, tense crime thriller that never lets up.","investigation, corruption, gang, detective, underworld",9.3,2021
A dark Heart,"Romance, Comedy",Rian Johnson,"Al Pacino, Matt Damon, Keanu Reeves","A chance encounter on a rainy evening in a small coastal town sparks a connection that neither expected. Through letters, phone calls, and stolen moments, two souls discover that distance is no match for destiny.","chemistry, awkward, devotion, misunderstanding",4.8,2004
My twisted echo,Comedy,Yorgos Lanthimos,"Scarlett Johansson, Gal Gadot, Tom Hardy, Rami Malek","a brilliant surgeon thought retirement would be peaceful, but a series of absurd events pulls them back into the spotlight. A sharp, clever comedy about second chances and finding joy in unexpected places.","slapstick, misunderstanding, wedding, absurd, satire, prank, road-trip",6.9,2008
golden Hollow,Horror,Denis Villeneuve,"Saoirse Ronan, Joaquin Phoenix, Gal Gadot","Something is watching from the darkness in the Australian outback. When people start disappearing, a single parent must face an unimaginable terror to save those they love. Atmospheric and relentless, this horror film redefines fear.","demon, haunted, possession, supernatural, ghost, isolation",5.3,2004
Still whisper,Drama,Steven Spielberg,"Ana de Armas, Daniel Kaluuya, Jennifer Lawrence","Spanning three decades, this intimate drama follows a young woman through triumph and heartbreak. As family secrets unravel, the true cost of ambition comes to light. An unforgettable exploration of what it means to truly belong.","family, ambition, sacrifice, redemption",6.4,2011
The spark of Barcelona,"Drama, Adventure",Wong Kar-wai,"Zendaya, Robert Downey Jr., Morgan Freeman, Tom Hanks","In the quiet corners of a small coastal town, a single parent confronts a past that refuses to stay buried. Through unexpected friendships and hard-won wisdom, a new path forward emerges.","sacrifice, discovery, loss, redemption, quest",9.1,2009
Before beacon,Thriller,Celine Sciamma,"Daniel Kaluuya, Samuel L. Jackson, Sandra Bullock, Brad Pitt","After receiving a cryptic message from a dead colleague, a retired professor is drawn into a web of deception. Every clue leads to more questions, and the clock is ticking. An edge-of-your-seat thriller with a devastating finale.","mystery, suspense, stalker, conspiracy, deception, espionage",7.3,2015
Moonlit legend,"Romance, Action, Sci-Fi",Kathryn Bigelow,"Jennifer Lawrence, Daniel Kaluuya, Jenna Ortega, Margot Robbie","A chance encounter on a rainy evening in a Mediterranean island sparks a connection that neither expected. Through letters, phone calls, and stolen moments, two souls discover that distance is no match for destiny.","passion, heartbreak, virtual-reality, rescue",5.4,1994
Seriously distant,Comedy,Jordan Peele,"Adam Driver, Anya Taylor-Joy, Denzel Washington, Cate Blanchett","When a brilliant surgeon accidentally explosion, chaos and hilarity ensue in this laugh-out-loud comedy. Nothing goes according to plan, and every attempt to fix things only makes it worse. A feel-good film that will leave you smiling.","prank, funny, road-trip, slapstick, absurd, wit",6.5,2022
bright Force,"Action, Drama",Ridley Scott,"Melissa McCarthy, Daniel Kaluuya, Leonardo DiCaprio, Oscar Isaac","When a terrorism threatens to destabilize an entire region, a seasoned journalist is called back for one final mission. Allies become enemies and the line between right and wrong blurs in this high-octane thriller.","relationships, undercover, combat, sacrifice, identity",4.8,2009
The electric Club,Comedy,Patty Jenkins,"Pedro Pascal, Lupita Nyong'o, Jake Gyllenhaal, Robert Pattinson","When a single parent accidentally explosion, chaos and hilarity ensue in this laugh-out-loud comedy. Nothing goes according to plan, and every attempt to fix things only makes it worse. A feel-good film that will leave you smiling.","satire, wit, misunderstanding, slapstick, funny",5.7,2015
Dirty raven,"Crime, Horror",Sam Mendes,"Benedict Cumberbatch, Melissa McCarthy, Emily Blunt, Chris Evans","In the gritty underbelly of post-war London, a detective pursues a mastermind who is always one step ahead. Loyalties are tested and the price of justice is high. A gripping crime saga with unforgettable characters.","informant, heist, supernatural, nightmare, gang, corruption",9.3,2008
Little beacon,"Animation, Thriller",Guillermo del Toro,"Anya Taylor-Joy, Viola Davis, Morgan Freeman, Will Smith","In a magical world where gravity can be controlled, a young an ambitious lawyer embarks on an extraordinary adventure. Along the way, they discover the true meaning of courage and friendship. A visually breathtaking animated masterpiece for all ages.","talking-animals, serial-killer, deception, stalker",8.6,1994
The infinite Mirror,"Horror, Animation, Comedy",Ava DuVernay,"Rami Malek, Natalie Portman, Hailee Steinfeld, Jenna Ortega","After moving into a seemingly perfect island estate, a retired professor begins experiencing disturbing phenomena. The house has a history, and it is not done claiming victims. A slow-burn horror masterpiece dripping with dread.","fantasy, nightmare, misunderstanding, absurd, haunted, prank, wit",4.2,2013
Quest for dust,"Adventure, Drama",Alejandro Inarritu,"Emily Blunt, Gal Gadot, Robert Downey Jr.","Stranded in the wilderness after a catastrophic crisis, a small-town teacher must use every skill to survive. As they push deeper into the unknown, they find something far more valuable than rescue. An awe-inspiring adventure about resilience and discovery.","wilderness, pirates, discovery, identity, ancient-ruins, expedition",6.8,2023
The Last serpent,"Crime, Thriller",Edgar Wright,"Chadwick Boseman, Awkwafina, Salma Hayek, John Boyega","When an ambitious lawyer witnesses something they should not have, they are drawn into a criminal empire's deadly inner circle. The only way out is to bring it all down from the inside. A riveting crime drama with jaw-dropping twists.","double-cross, conspiracy, mystery, gang, smuggling, paranoia",4.6,1999
Forever weary,"Romance, Animation",Robert Eggers,"Jake Gyllenhaal, Denzel Washington, Austin Butler, Dev Patel","A chance encounter on a rainy evening in downtown Chicago sparks a connection that neither expected. Through letters, phone calls, and stolen moments, two souls discover that distance is no match for destiny.","chemistry, fairy-tale, devotion, wedding, musical, heartbreak",5.9,1996
Plan cipher,"Comedy, Thriller",Park Chan-wook,"Emma Stone, Jennifer Lawrence, Jenna Ortega","A mismatched group of colleagues must work together to pull off the impossible before the deadline. With egos clashing and plans falling apart, the real comedy is in the journey. Heartwarming, witty, and endlessly entertaining.","mystery, deception, absurd, prank, double-cross, suspense, satire",8.9,2018
Hollow throne,"Horror, Action",Taika Waititi,"Samuel L. Jackson, Hailee Steinfeld, Daisy Ridley, Robert Pattinson","A group of friends ventures into 1960s New York, unaware of the ancient evil that lurks beneath. As night falls and the terror begins, survival becomes the only goal. A chilling horror film that will haunt your dreams.","occult, nightmare, mercenary, explosion, chase",5.4,2021
Written in arrow,"Romance, Horror",Ang Lee,"Michael B. Jordan, Jason Momoa, Rachel McAdams","A chance encounter on a rainy evening in modern-day Berlin sparks a connection that neither expected. Through letters, phone calls, and stolen moments, two souls discover that distance is no match for destiny.","demon, passion, wedding, soulmate, possession, chemistry",5.3,1997
Plan beacon,Comedy,Ryan Coogler,"Will Smith, Daniel Kaluuya, Jenna Ortega","When an ambitious lawyer accidentally disappearance, chaos and hilarity ensue in this laugh-out-loud comedy. Nothing goes according to plan, and every attempt to fix things only makes it worse. A feel-good film that will leave you smiling.","satire, prank, road-trip, funny, misunderstanding",8.6,1993
Code beacon,"Action, Animation, Comedy",Park Chan-wook,"Pedro Pascal, Awkwafina, Tilda Swinton, Hailee Steinfeld","When a corruption threatens to destabilize an entire region, a seasoned hacker is called back for one final mission. Allies become enemies and the line between right and wrong blurs in this high-octane thriller.","fantasy, musical, wit, rescue",5.2,1992
Uncharted wolf,Adventure,Yorgos Lanthimos,"Jennifer Lawrence, Idris Elba, Viola Davis, Will Smith","An intrepid scientist sets out on a quest to find the legendary Eye of Orion before it falls into the wrong hands. Crossing treacherous landscapes and outsmarting rivals, the adventure of a lifetime unfolds. A thrilling ride from start to finish.","expedition, quest, exploration, map, wilderness, jungle",4.6,2005
valley Rising,Action,Alejandro Inarritu,"Austin Butler, Melissa McCarthy, Viola Davis","A operative must navigate a dangerous world of a powerful cartel to save their city. With time running out and enemies closing in, every decision could be the last. An explosive tale of survival and redemption.","mission, survival, military, rescue, explosion, weapons",8.5,1993
Voyage of silence,"Adventure, Sci-Fi",Bong Joon-ho,"Hailee Steinfeld, Oscar Isaac, Will Smith, Zendaya","Stranded in the wilderness after a catastrophic crisis, a retired professor must use every skill to survive. As they push deeper into the unknown, they find something far more valuable than rescue. An awe-inspiring adventure about resilience and discovery.","jungle, discovery, ancient-ruins, time-travel, treasure",5.4,2010
The hidden Mirror,"Horror, Animation, Comedy",Sofia Coppola,"Tom Hanks, Tom Hardy, Robert Pattinson, Matt Damon","A group of friends ventures into a Mediterranean island, unaware of the ancient evil that lurks beneath. As night falls and the terror begins, survival becomes the only goal. A chilling horror film that will haunt your dreams.","haunted, road-trip, possession, occult, colorful, curse",7.2,1995
silence Tales,"Animation, Romance",Edgar Wright,"Jenna Ortega, Benedict Cumberbatch, Florence Pugh","When their homeland is threatened by a dark force, an unlikely hero must journey across fantastical lands. With colorful companions and songs in their heart, nothing is impossible. A joyful, dazzling animated adventure.","reunion, fairy-tale, hero, forbidden-love, talking-animals, colorful",5.9,1993
The sacred Kingdom,Animation,Bong Joon-ho,"Rachel McAdams, Leonardo DiCaprio, Jenna Ortega, Joaquin Phoenix","A curious an ambitious lawyer stumbles into a hidden realm filled with wonder and danger. To find their way home, they must solve an ancient riddle and confront their deepest fears. A stunning animated film with a powerful message about self-discovery.","musical, enchanted, quest, friendship, fantasy, hero",4.5,2000
Void fate,Sci-Fi,Kathryn Bigelow,"Emily Blunt, Cate Blanchett, Hailee Steinfeld, Denzel Washington","In a future where parallel worlds overlap, humanity faces its greatest challenge yet. A brilliant operative discovers a truth that could change everything, but powerful forces want it buried. A thought-provoking sci-fi epic about the cost of progress.","robot, genetic-engineering, technology, AI",4.0,2011
Whispers of spark,"Horror, Comedy, Animation",Sofia Coppola,"Dev Patel, Daisy Ridley, Denzel Washington","A group of friends ventures into the Australian outback, unaware of the ancient evil that lurks beneath. As night falls and the terror begins, survival becomes the only goal. A chilling horror film that will haunt your dreams.","road-trip, funny, isolation, nightmare, supernatural, magic",8.8,1999
The mask Syndicate,Crime,Bong Joon-ho,"Michael B. Jordan, Dev Patel, Florence Pugh, Tom Hardy","When an ambitious lawyer witnesses something they should not have, they are drawn into a criminal empire's deadly inner circle. The only way out is to bring it all down from the inside. A riveting crime drama with jaw-dropping twists.","informant, investigation, underworld, noir, mafia, heist, gang",7.2,2014
radiant Hollow,"Horror, Romance",Guillermo del Toro,"Saoirse Ronan, Jennifer Lawrence, Chris Evans","Something is watching from the darkness in a small coastal town. When people start disappearing, a single parent must face an unimaginable terror to save those they love. Atmospheric and relentless, this horror film redefines fear.","long-distance, haunted, passion, demon, love, soulmate",7.6,2005
The distant Garden,"Drama, Thriller",Pedro Almodovar,"Charlize Theron, Matt Damon, Leonardo DiCaprio","Spanning three decades, this intimate drama follows a war veteran through triumph and heartbreak. As family secrets unravel, the true cost of ambition comes to light. An unforgettable exploration of what it means to truly belong.","suspense, relationships, grief, ambition, serial-killer",8.2,1994
The valley of Barcelona,Drama,Steven Spielberg,"Robert Pattinson, Ana de Armas, Idris Elba","Spanning three decades, this intimate drama follows a small-town teacher through triumph and heartbreak. As family secrets unravel, the true cost of ambition comes to light. An unforgettable exploration of what it means to truly belong.","redemption, ambition, family, sacrifice, loss, secrets, identity",6.8,2003
Seriously warm,"Comedy, Adventure, Romance",Quentin Tarantino,"John Boyega, Jenna Ortega, Dev Patel, Jason Momoa","When a struggling artist accidentally betrayal, chaos and hilarity ensue in this laugh-out-loud comedy. Nothing goes according to plan, and every attempt to fix things only makes it worse. A feel-good film that will leave you smiling.","ancient-ruins, wedding, prank, slapstick",7.3,2009
My frozen fate,"Comedy, Drama",James Cameron,"Tilda Swinton, Michael B. Jordan, Charlize Theron","a single parent thought retirement would be peaceful, but a series of absurd events pulls them back into the spotlight. A sharp, clever comedy about second chances and finding joy in unexpected places.","absurd, satire, funny, redemption, awkward",5.8,2017
The Weight of sun,Drama,Quentin Tarantino,"Rachel McAdams, Idris Elba, Anya Taylor-Joy, Scarlett Johansson","Spanning three decades, this intimate drama follows an ambitious lawyer through triumph and heartbreak. As family secrets unravel, the true cost of ambition comes to light. An unforgettable exploration of what it means to truly belong.","family, grief, ambition, relationships, identity, loss",5.3,2022
Code shadow,Action,Robert Eggers,"Daniel Kaluuya, Al Pacino, Natalie Portman, Margot Robbie","A journalist must navigate a dangerous world of corruption to save their family. With time running out and enemies closing in, every decision could be the last. An explosive tale of survival and redemption.","survival, weapons, rescue, mission, mercenary",7.1,1997
Code phoenix,"Action, Comedy",Steven Spielberg,"Tom Hanks, Matt Damon, Rachel McAdams, Melissa McCarthy","When a a criminal empire threatens to destabilize an entire region, a seasoned scientist is called back for one final mission. Allies become enemies and the line between right and wrong blurs in this high-octane thriller.","road-trip, explosion, awkward, absurd",5.1,2009
The Ninth stone,"Thriller, Animation",Rian Johnson,"Dev Patel, Kate Winslet, Keanu Reeves",Nothing is as it seems when an ambitious lawyer uncovers a conspiracy that reaches the highest levels of power. Trust no one in this gripping psychological thriller filled with twists and betrayals. The truth may be the most dangerous weapon of all.,"fantasy, musical, enchanted, suspense",7.5,1990
Operation throne,"Action, Horror, Sci-Fi",Emerald Fennell,"Pedro Pascal, Tilda Swinton, Scarlett Johansson","A scientist must navigate a dangerous world of terrorism to save innocent lives. With time running out and enemies closing in, every decision could be the last. An explosive tale of survival and redemption.","cyberpunk, undercover, occult, military, robot",8.9,2019
Still arrow,"Drama, Crime, Comedy",Quentin Tarantino,"Jenna Ortega, Rami Malek, Brad Pitt","A deeply moving portrait of a single parent struggling to find meaning after explosion. Set against the backdrop of the Australian outback, the film explores themes of loss, hope, and human connection. A powerful story that stays with you long after the credits roll.","relationships, wit, noir, loss, corruption, underworld, gang",5.3,2002
City of ghost,Crime,Denis Villeneuve,"Austin Butler, Rachel McAdams, Adam Driver","A meticulous heist goes wrong, and the crew must navigate betrayal and suspicion to survive. With the police closing in and trust crumbling, every second counts. A slick, tense crime thriller that never lets up.","corruption, gang, underworld, investigation",5.7,2006
Broken fate,"Drama, Comedy, Sci-Fi",Pedro Almodovar,"Florence Pugh, Brie Larson, Jason Momoa","Spanning three decades, this intimate drama follows an ambitious lawyer through triumph and heartbreak. As family secrets unravel, the true cost of ambition comes to light. An unforgettable exploration of what it means to truly belong.","robot, technology, loss, ambition",6.8,2009
My fading raven,Comedy,Park Chan-wook,"Denzel Washington, Rachel McAdams, Daisy Ridley","When a young woman accidentally betrayal, chaos and hilarity ensue in this laugh-out-loud comedy. Nothing goes according to plan, and every attempt to fix things only makes it worse. A feel-good film that will leave you smiling.","wit, road-trip, misunderstanding, wedding",6.2,1995
blade Horizon,"Sci-Fi, Drama",Chloe Zhao,"Daisy Ridley, Brad Pitt, Cate Blanchett, Kate Winslet","When a mysterious signal from deep space appears, a team of scientists races to understand its origins. What they find challenges everything we know about memories can be traded. Visually stunning and intellectually thrilling.","AI, technology, alien, coming-of-age, dystopia, genetic-engineering, redemption",7.8,2001
raven Night,"Comedy, Sci-Fi",Jordan Peele,"Gal Gadot, Saoirse Ronan, Emily Blunt","A mismatched group of old friends must work together to pull off the impossible before the deadline. With egos clashing and plans falling apart, the real comedy is in the journey. Heartwarming, witty, and endlessly entertaining.","wit, dystopia, awkward, wedding, funny, technology, road-trip",6.3,2023
The quiet Expedition,Adventure,Alejandro Inarritu,"Keanu Reeves, Robert Pattinson, Tilda Swinton, Michael B. Jordan","Stranded in the wilderness after a catastrophic scandal, a war veteran must use every skill to survive. As they push deeper into the unknown, they find something far more valuable than rescue. An awe-inspiring adventure about resilience and discovery.","map, ancient-ruins, quest, expedition, discovery, wilderness, exploration",8.9,2007
Sky titan,Animation,Ang Lee,"Christian Bale, Denzel Washington, Saoirse Ronan","A curious a struggling artist stumbles into a hidden realm filled with wonder and danger. To find their way home, they must solve an ancient riddle and confront their deepest fears. A stunning animated film with a powerful message about self-discovery.","fairy-tale, talking-animals, magic, enchanted, colorful, musical",9.1,2001
Dirty fate,Crime,Alejandro Inarritu,"Hailee Steinfeld, John Boyega, Michael B. Jordan","When an ambitious lawyer witnesses something they should not have, they are drawn into a criminal empire's deadly inner circle. The only way out is to bring it all down from the inside. A riveting crime drama with jaw-dropping twists.","investigation, corruption, smuggling, heist, underworld",4.2,1993
The weary Game,Thriller,Robert Eggers,"Emma Stone, Al Pacino, Gal Gadot",Nothing is as it seems when an ambitious lawyer uncovers a conspiracy that reaches the highest levels of power. Trust no one in this gripping psychological thriller filled with twists and betrayals. The truth may be the most dangerous weapon of all.,"espionage, investigation, mystery, paranoia, suspense, double-cross",7.9,1999
Quest for serpent,"Adventure, Romance",Edgar Wright,"Emma Stone, Lupita Nyong'o, Adam Driver","An intrepid agent sets out on a quest to find the legendary Codex Eternum before it falls into the wrong hands. Crossing treacherous landscapes and outsmarting rivals, the adventure of a lifetime unfolds. A thrilling ride from start to finish.","ancient-ruins, soulmate, treasure, love, map, exploration, reunion",8.5,2014
The crimson Signal,"Sci-Fi, Comedy",Wong Kar-wai,"Jason Momoa, Chadwick Boseman, Will Smith, Robert Downey Jr.","In a future where emotions are currency, humanity faces its greatest challenge yet. A brilliant pilot discovers a truth that could change everything, but powerful forces want it buried. A thought-provoking sci-fi epic about the cost of progress.","wit, AI, dystopia, virtual-reality, absurd",8.1,2005
Dear crown,"Romance, Comedy",Sam Mendes,"Leonardo DiCaprio, Timothee Chalamet, Florence Pugh, Saoirse Ronan","A chance encounter on a rainy evening in 1960s New York sparks a connection that neither expected. Through letters, phone calls, and stolen moments, two souls discover that distance is no match for destiny.","reunion, wedding, devotion, awkward, long-distance, satire",8.0,2000
Sky beacon,"Animation, Horror, Romance",Denis Villeneuve,"Robert Pattinson, Melissa McCarthy, Will Smith, Emily Blunt","A curious a struggling artist stumbles into a hidden realm filled with wonder and danger. To find their way home, they must solve an ancient riddle and confront their deepest fears. A stunning animated film with a powerful message about self-discovery.","possession, chemistry, magic, passion, devotion",5.6,2010
A bitter Life,Drama,Bong Joon-ho,"Christian Bale, Dev Patel, Tom Hanks, Jennifer Lawrence","A deeply moving portrait of a brilliant surgeon struggling to find meaning after explosion. Set against the backdrop of a small coastal town, the film explores themes of loss, hope, and human connection. A powerful story that stays with you long after the credits roll.","family, redemption, secrets, loss, relationships, sacrifice, ambition",9.4,2016
The ancient Trail,"Adventure, Sci-Fi",Barry Jenkins,"Denzel Washington, Scarlett Johansson, Ana de Armas","Stranded in the wilderness after a catastrophic scandal, a brilliant surgeon must use every skill to survive. As they push deeper into the unknown, they find something far more valuable than rescue. An awe-inspiring adventure about resilience and discovery.","discovery, wilderness, genetic-engineering, jungle, AI",5.6,2020
Code wolf,Action,Damien Chazelle,"Jake Gyllenhaal, Jason Momoa, Viola Davis","When a an arms dealer threatens to destabilize an entire region, a seasoned journalist is called back for one final mission. Allies become enemies and the line between right and wrong blurs in this high-octane thriller.","rescue, explosion, survival, combat, military, chase, weapons",5.0,1992
The hollow World,Animation,Guillermo del Toro,"Natalie Portman, Samuel L. Jackson, John Boyega","A curious a retired professor stumbles into a hidden realm filled with wonder and danger. To find their way home, they must solve an ancient riddle and confront their deepest fears. A stunning animated film with a powerful message about self-discovery.","friendship, fairy-tale, hero, colorful",7.2,1993
Voyage of dust,"Adventure, Horror, Animation",Robert Eggers,"Cate Blanchett, Ana de Armas, Kate Winslet, Jason Momoa","Stranded in the wilderness after a catastrophic betrayal, an ambitious lawyer must use every skill to survive. As they push deeper into the unknown, they find something far more valuable than rescue. An awe-inspiring adventure about resilience and discovery.","demon, colorful, map, pirates",8.4,1998
Still orchid,Drama,Chloe Zhao,"Brie Larson, Chris Evans, Timothee Chalamet","Spanning three decades, this intimate drama follows a retired professor through triumph and heartbreak. As family secrets unravel, the true cost of ambition comes to light. An unforgettable exploration of what it means to truly belong.","redemption, relationships, secrets, grief",5.8,2007
The fortress Files,"Action, Adventure",David Fincher,"Natalie Portman, Will Smith, Salma Hayek, Samuel L. Jackson","A detective must navigate a dangerous world of a rogue state to save innocent lives. With time running out and enemies closing in, every decision could be the last. An explosive tale of survival and redemption.","exploration, explosion, jungle, military, wilderness, quest",6.7,2020
The ghost Paradox,Sci-Fi,Hayao Miyazaki,"Robert Downey Jr., Ana de Armas, Matt Damon, Emma Stone","Decades after the great collapse, a struggling artist embarks on a perilous journey across a transformed Earth. Along the way, they discover that the key to the future lies in the forgotten past. A sweeping sci-fi adventure with heart.","technology, dystopia, time-travel, AI",5.9,2009
Adventures of tide,"Animation, Drama",Barry Jenkins,"Chadwick Boseman, Benedict Cumberbatch, Adam Driver, Zendaya","A curious a small-town teacher stumbles into a hidden realm filled with wonder and danger. To find their way home, they must solve an ancient riddle and confront their deepest fears. A stunning animated film with a powerful message about self-discovery.","secrets, talking-animals, relationships, fantasy",8.1,2023
Operation horizon,"Action, Adventure, Comedy",Lulu Wang,"Brad Pitt, Chadwick Boseman, Jason Momoa, Charlize Theron","After surviving a devastating accident, a former soldier seeks vengeance against those who destroyed everything. The action never stops in this pulse-pounding ride through the criminal underworld.","expedition, treasure, survival, weapons, map",4.2,1993
The echo Witness,"Thriller, Sci-Fi, Romance",Edgar Wright,"Awkwafina, Meryl Streep, Saoirse Ronan","A seemingly perfect downtown Chicago hides dark secrets that a brilliant surgeon is determined to expose. As the investigation deepens, the hunter becomes the hunted. A masterfully crafted thriller that keeps you guessing until the very end.","cyberpunk, time-travel, reunion, stalker, AI",5.9,2006
The beacon of Tokyo,"Drama, Sci-Fi",Bong Joon-ho,"Jason Momoa, Ryan Gosling, Emily Blunt","A deeply moving portrait of a struggling artist struggling to find meaning after crisis. Set against the backdrop of post-war London, the film explores themes of loss, hope, and human connection. A powerful story that stays with you long after the credits roll.","space, genetic-engineering, cyberpunk, dystopia, family, grief, virtual-reality",7.3,1990
The whisper Connection,Crime,Guillermo del Toro,"Kate Winslet, Daniel Kaluuya, Jason Momoa, Michael B. Jordan","A meticulous heist goes wrong, and the crew must navigate betrayal and suspicion to survive. With the police closing in and trust crumbling, every second counts. A slick, tense crime thriller that never lets up.","underworld, investigation, smuggling, gang, corruption, mafia",6.2,1996
Paper whisper,Romance,Pedro Almodovar,"Lupita Nyong'o, Awkwafina, Denzel Washington, Jake Gyllenhaal","Two strangers from different worlds find an unexpected connection in the Australian outback. As they navigate the complexities of love and life, they must decide what matters most. A beautiful, heartfelt romance that celebrates the power of vulnerability.","chemistry, love, reunion, heartbreak, wedding, passion",5.0,2023
Iron oracle,"Action, Horror",Greta Gerwig,"Emily Blunt, Tilda Swinton, Oscar Isaac","When a an arms dealer threatens to destabilize an entire region, a seasoned journalist is called back for one final mission. Allies become enemies and the line between right and wrong blurs in this high-octane thriller.","ghost, undercover, mercenary, nightmare, curse, rescue, military",7.5,2020
A bright Heart,"Romance, Adventure, Sci-Fi",Wes Anderson,"Denzel Washington, Jake Gyllenhaal, Brad Pitt, Sandra Bullock","When an ambitious lawyer returns to their hometown, old feelings resurface and new possibilities emerge. Against the odds and despite past wounds, love finds a way. A tender, emotionally rich love story.","wilderness, chemistry, long-distance, technology, expedition, dystopia",8.8,2016
Under the stone,"Romance, Crime",Damien Chazelle,"Jason Momoa, Viola Davis, Jake Gyllenhaal, Scarlett Johansson","A chance encounter on a rainy evening in 1960s New York sparks a connection that neither expected. Through letters, phone calls, and stolen moments, two souls discover that distance is no match for destiny.","long-distance, passion, forbidden-love, underworld, gang, informant, devotion",8.8,1999
The Ninth fortress,Thriller,Wong Kar-wai,"Natalie Portman, Adam Driver, Melissa McCarthy, Hailee Steinfeld",Nothing is as it seems when a retired professor uncovers a conspiracy that reaches the highest levels of power. Trust no one in this gripping psychological thriller filled with twists and betrayals. The truth may be the most dangerous weapon of all.,"investigation, espionage, deception, paranoia, mystery, stalker, serial-killer",5.5,2000
The frozen Club,"Comedy, Animation",Hayao Miyazaki,"Tom Hardy, Jenna Ortega, Ana de Armas, Jake Gyllenhaal","A mismatched group of strangers must work together to pull off the impossible before the deadline. With egos clashing and plans falling apart, the real comedy is in the journey. Heartwarming, witty, and endlessly entertaining.","road-trip, fairy-tale, misunderstanding, musical",8.9,2023
Iron dust,Action,Kathryn Bigelow,"Lupita Nyong'o, Brad Pitt, Denzel Washington, Daniel Kaluuya","After surviving a devastating accident, a former scientist seeks vengeance against those who destroyed everything. The action never stops in this pulse-pounding ride through the criminal underworld.","mercenary, rescue, combat, chase",8.0,2023
Lucky titan,"Comedy, Romance",Chloe Zhao,"Al Pacino, Daisy Ridley, Ana de Armas","When a struggling artist accidentally accident, chaos and hilarity ensue in this laugh-out-loud comedy. Nothing goes according to plan, and every attempt to fix things only makes it worse. A feel-good film that will leave you smiling.","long-distance, devotion, passion, soulmate, awkward",6.0,1992
Stellar dawn,"Sci-Fi, Adventure",Pedro Almodovar,"Rami Malek, Denzel Washington, Emily Blunt","In a future where gravity can be controlled, humanity faces its greatest challenge yet. A brilliant soldier discovers a truth that could change everything, but powerful forces want it buried. A thought-provoking sci-fi epic about the cost of progress.","jungle, dystopia, quest, virtual-reality",7.0,2020
hidden Waters,"Thriller, Action",Denis Villeneuve,"Gal Gadot, Chris Evans, John Boyega, Brad Pitt","A seemingly perfect 1960s New York hides dark secrets that a retired professor is determined to expose. As the investigation deepens, the hunter becomes the hunted. A masterfully crafted thriller that keeps you guessing until the very end.","investigation, deception, rescue, serial-killer, undercover, suspense",5.4,2023
A eternal Heart,"Romance, Horror, Sci-Fi",Park Chan-wook,"Al Pacino, Florence Pugh, John Boyega, Morgan Freeman","When a war veteran returns to their hometown, old feelings resurface and new possibilities emerge. Against the odds and despite past wounds, love finds a way. A tender, emotionally rich love story.","genetic-engineering, slasher, chemistry, cyberpunk, wedding",8.6,2021
After the blade,Drama,Denis Villeneuve,"Emily Blunt, Ryan Gosling, Rachel McAdams, Oscar Isaac","Spanning three decades, this intimate drama follows a brilliant surgeon through triumph and heartbreak. As family secrets unravel, the true cost of ambition comes to light. An unforgettable exploration of what it means to truly belong.","ambition, family, loss, redemption",5.6,2010
The storm of Prague,"Drama, Crime",Bong Joon-ho,"Michael B. Jordan, Kate Winslet, Austin Butler, Gal Gadot","Spanning three decades, this intimate drama follows a retired professor through triumph and heartbreak. As family secrets unravel, the true cost of ambition comes to light. An unforgettable exploration of what it means to truly belong.","underworld, gang, smuggling, sacrifice, noir, loss",5.5,2014
Whispering wolf,"Animation, Horror",David Fincher,"John Boyega, Dev Patel, Scarlett Johansson","In a magical world where parallel worlds overlap, a young a retired professor embarks on an extraordinary adventure. Along the way, they discover the true meaning of courage and friendship. A visually breathtaking animated masterpiece for all ages.","demon, quest, fairy-tale, slasher, fantasy, occult, musical",8.7,1998
shadow and the Magic sand,"Animation, Drama",Quentin Tarantino,"Emily Blunt, Adam Driver, Leonardo DiCaprio, Hailee Steinfeld","A curious a struggling artist stumbles into a hidden realm filled with wonder and danger. To find their way home, they must solve an ancient riddle and confront their deepest fears. A stunning animated film with a powerful message about self-discovery.","magic, relationships, friendship, fantasy, loss, quest",5.9,2014
Voyage of dawn,Adventure,James Cameron,"Idris Elba, Jason Momoa, Jake Gyllenhaal","When a map to an uncharted remote cabin surfaces, a ragtag crew of explorers assembles for the journey. But they are not the only ones seeking what lies at the end. An epic adventure filled with wonder and peril.","exploration, treasure, jungle, ancient-ruins",9.3,1993
Into the dust,"Adventure, Horror",Ridley Scott,"Austin Butler, Daisy Ridley, Will Smith, Cate Blanchett","When a map to an uncharted island estate surfaces, a ragtag crew of explorers assembles for the journey. But they are not the only ones seeking what lies at the end. An epic adventure filled with wonder and peril.","map, supernatural, discovery, exploration, wilderness, ancient-ruins",4.2,1990
The desperate Ring,"Crime, Sci-Fi, Thriller",Sam Mendes,"Benedict Cumberbatch, Scarlett Johansson, Ryan Gosling, Jason Momoa","A meticulous heist goes wrong, and the crew must navigate betrayal and suspicion to survive. With the police closing in and trust crumbling, every second counts. A slick, tense crime thriller that never lets up.","underworld, cyberpunk, noir, corruption, heist, space",7.6,2018
The bitter Game,Thriller,Alejandro Inarritu,"Jennifer Lawrence, Charlize Theron, Anya Taylor-Joy, John Boyega",Nothing is as it seems when a young woman uncovers a conspiracy that reaches the highest levels of power. Trust no one in this gripping psychological thriller filled with twists and betrayals. The truth may be the most dangerous weapon of all.,"paranoia, espionage, stalker, mystery, conspiracy",7.4,2002
The compass House,Horror,Chloe Zhao,"Denzel Washington, Samuel L. Jackson, Pedro Pascal, Robert Downey Jr.","Something is watching from the darkness in downtown Chicago. When people start disappearing, a retired professor must face an unimaginable terror to save those they love. Atmospheric and relentless, this horror film redefines fear.","ghost, occult, curse, supernatural, slasher, isolation, possession",7.0,2017
The stone Voyage,"Animation, Adventure, Comedy",Wes Anderson,"Denzel Washington, Daniel Kaluuya, Rami Malek","A curious a war veteran stumbles into a hidden realm filled with wonder and danger. To find their way home, they must solve an ancient riddle and confront their deepest fears. A stunning animated film with a powerful message about self-discovery.","colorful, quest, jungle, wit, map, satire, prank",9.3,2008
Seriously mysterious,"Comedy, Crime",Lulu Wang,"Brie Larson, John Boyega, Jennifer Lawrence, Melissa McCarthy","A mismatched group of siblings must work together to pull off the impossible before the deadline. With egos clashing and plans falling apart, the real comedy is in the journey. Heartwarming, witty, and endlessly entertaining.","gang, informant, underworld, absurd, smuggling",9.4,2001
Two moon,"Romance, Drama",Robert Eggers,"Awkwafina, Sandra Bullock, Kate Winslet, Brie Larson","A chance encounter on a rainy evening in post-war London sparks a connection that neither expected. Through letters, phone calls, and stolen moments, two souls discover that distance is no match for destiny.","devotion, coming-of-age, forbidden-love, relationships, grief, wedding, identity",7.7,2002
cage Night,Comedy,Alfonso Cuaron,"Brie Larson, Scarlett Johansson, John Boyega","A mismatched group of colleagues must work together to pull off the impossible before the deadline. With egos clashing and plans falling apart, the real comedy is in the journey. Heartwarming, witty, and endlessly entertaining.","awkward, satire, funny, prank",8.8,2004
The echo Treasure,"Adventure, Horror",Damien Chazelle,"Morgan Freeman, Daniel Kaluuya, Pedro Pascal","Stranded in the wilderness after a catastrophic explosion, a young woman must use every skill to survive. As they push deeper into the unknown, they find something far more valuable than rescue. An awe-inspiring adventure about resilience and discovery.","nightmare, ancient-ruins, jungle, possession",9.0,2013
Wild mirror,"Adventure, Thriller",Damien Chazelle,"Margot Robbie, Awkwafina, Tom Hanks, Sandra Bullock","Stranded in the wilderness after a catastrophic betrayal, a small-town teacher must use every skill to survive. As they push deeper into the unknown, they find something far more valuable than rescue. An awe-inspiring adventure about resilience and discovery.","wilderness, pirates, exploration, conspiracy",4.7,2006
The ghost Voyage,Animation,Steven Spielberg,"Morgan Freeman, Adam Driver, Chris Evans","In a magical world where parallel worlds overlap, a young a single parent embarks on an extraordinary adventure. Along the way, they discover the true meaning of courage and friendship. A visually breathtaking animated masterpiece for all ages.","quest, friendship, magic, fantasy, enchanted, talking-animals",8.3,2000
Quest for titan,"Adventure, Horror",Kathryn Bigelow,"Rami Malek, Emma Stone, Anya Taylor-Joy","When a map to an uncharted remote cabin surfaces, a ragtag crew of explorers assembles for the journey. But they are not the only ones seeking what lies at the end. An epic adventure filled with wonder and peril.","treasure, discovery, map, quest, jungle, exploration, slasher",7.4,2005
The Last valley,"Romance, Horror, Drama",Celine Sciamma,"Meryl Streep, Al Pacino, Charlize Theron, Benedict Cumberbatch","When a brilliant surgeon returns to their hometown, old feelings resurface and new possibilities emerge. Against the odds and despite past wounds, love finds a way. A tender, emotionally rich love story.","chemistry, redemption, sacrifice, long-distance, reunion, nightmare, wedding",9.2,2000
The wild Trail,"Adventure, Crime, Action",Taika Waititi,"Melissa McCarthy, Awkwafina, Jenna Ortega","An intrepid operative sets out on a quest to find the legendary Eye of Orion before it falls into the wrong hands. Crossing treacherous landscapes and outsmarting rivals, the adventure of a lifetime unfolds. A thrilling ride from start to finish.","explosion, undercover, discovery, treasure, jungle, smuggling, weapons",6.5,2011
The cipher of Vienna,Drama,Park Chan-wook,"Will Smith, Benedict Cumberbatch, Ryan Gosling","Spanning three decades, this intimate drama follows a small-town teacher through triumph and heartbreak. As family secrets unravel, the true cost of ambition comes to light. An unforgettable exploration of what it means to truly belong.","sacrifice, redemption, relationships, family, loss, coming-of-age, identity",6.9,1994
